,logk,logs,logk_est,logk_est_L,logk_est_U,logs_est,logs_est_L,logs_est_U
0,-4.329681923673877,0.42152210084050135,-4.319338506761957,-4.428114927755534,-4.2103700110114435,0.6167069685679902,0.37324839601145815,0.8698691188176761
1,-2.7271881402210276,1.0609266700807383,-2.744124446835192,-2.8386118027385727,-2.6606076712881395,0.8999134048838984,0.6748969219856702,1.1246161771633583
2,-2.5429186939468935,0.9458411577518032,-2.4118643007471845,-2.513581390439574,-2.3172558792267557,0.9023012927859492,0.7052854724484227,1.099197918304236
3,-2.0500393896291116,-0.4573745703382022,-1.8745907547460827,-2.543909407291575,-1.0747713436474333,-0.7581685147069714,-1.1930337941438962,-0.4098270058469758
4,-2.0190060702347967,0.2630973538106347,-2.125079665982389,-2.2864773557457867,-1.9408375429204305,0.2680796052884483,0.03409120740419844,0.49912476275652246
5,-2.771343288482141,0.6618669501036537,-2.804492070144808,-2.9097521054345306,-2.7005682859444575,0.7169575788598265,0.5313413454159707,0.9190036177491882
6,-4.386174142753506,1.0579867657515694,-4.408558649428373,-4.492141710090982,-4.318373142413621,1.0025727342481723,0.7383211285644798,1.2669541152453296
7,-2.6677520524668377,0.7692038181225739,-2.635622896129436,-2.7198281289395068,-2.5364693058004897,0.8830954015072298,0.665991352157841,1.1073865031380372
8,-3.2973896361468436,0.8370355093892098,-3.245571796512128,-3.3589790750815274,-3.1477832756476816,0.7568428986974075,0.5501028072998138,0.9663625072032539
9,-2.5208659771832367,0.48971103081861644,-2.5496228341240332,-2.6566384022141287,-2.4486185239526406,0.6466605349902763,0.4353068700106918,0.8477213820809159
10,-3.405155473995433,0.9383462675804414,-3.4160472649227094,-3.5047947767190784,-3.337909850743229,0.9576509630407417,0.7447168129135402,1.1699569342970535
11,-1.7495545448244574,0.336130121067746,-1.8130567641950843,-1.9854666983105096,-1.621458173391792,0.6482858738682614,0.2621556611948142,1.0201658699462963
12,-4.669700533448548,0.11679418670284336,-4.831662083240443,-5.134307140063627,-4.5656186795923785,-0.035972803253135094,-0.3317083082072989,0.21431079505592762
13,-3.5454912075857425,-0.21941267524138452,-3.7412953624334366,-3.949930985293318,-3.5518196018825563,-0.25744803430536056,-0.4844541625634935,-0.045551103213404255
14,-4.707449137928738,-0.319668506514575,-4.5936603202148305,-4.914718658596607,-4.303298846199264,-0.1927830350582538,-0.47059266192139854,0.10131719412823209
15,-2.3396707022613223,-0.03918905885736812,-2.295048356671896,-2.5171890701819803,-2.059801614960953,-0.007884337625819322,-0.22910952789046674,0.21793351519736517
16,-2.0497573686678274,0.23117015474149893,-2.0374205954878124,-2.203186799987712,-1.8762374318063628,0.3709260134611312,0.08496177792672382,0.6297291190772739
17,-3.973611464049392,-0.6750838628338022,-3.9402862959004485,-4.246638423859097,-3.6552515293751555,-0.7095291584911934,-1.0091982066886762,-0.4202030712531788
18,-3.3779489517619345,-0.01475363617435177,-3.4747867910536225,-3.6160614325409224,-3.3296033030201353,-0.00033608010722062734,-0.17191798163574246,0.1855619057800394
19,-2.7720191777703285,-0.22382597866435205,-2.866611055297478,-3.047543421774787,-2.6790563773961016,-0.18176585525805086,-0.38156285763368275,0.019208790391323494
20,-1.7355074404785356,0.37481209704499563,-1.7056514873047903,-1.9723845714483481,-1.422420580262806,0.30867430316153965,-0.12032981100071637,0.7666042621284876
21,-2.7906563741669084,0.1315484728723021,-2.841565012716829,-2.9892964185411866,-2.6995330334075422,0.1878436561235265,0.027160371514154968,0.3630643235239349
22,-4.2962598480646665,-0.600688101323034,-4.333753049165751,-4.64050135832936,-4.065722676961081,-0.37369331739270933,-0.6330074300195737,-0.09960123562775185
23,-4.0007126312109165,0.20274580198823822,-3.976881154557123,-4.106949241953173,-3.8492368752999777,0.18615152610576038,0.015696267722146575,0.35543902926733245
24,-3.748571018477458,0.12281140368069099,-3.8084072957526307,-3.9878417732649276,-3.6374657958811265,-0.15297738553612794,-0.35083745001824407,0.05943697291286456
25,-3.226922685676515,-0.13520607051402622,-3.2816007249702843,-3.436993915598995,-3.1226061710479827,-0.17171317320004675,-0.39032624313052816,0.032769565940695106
26,-4.725964493858654,0.9293644316372355,-4.561955770730239,-4.647101438653749,-4.481011018266487,1.1489103177321949,0.8696523135669966,1.456696767436629
27,-2.1672041311083645,1.0620649171957726,-2.143389879553114,-2.2351816381678495,-2.058516268384312,1.1024920966703606,0.8315229928566956,1.3781708863757312
28,-4.229321869582085,1.0017653370781088,-4.24272355117376,-4.324462149943582,-4.164079247376934,1.063495020471434,0.8526901991816814,1.2853466163828213
29,-3.3525154817312046,0.8646292553352929,-3.2645103534973012,-3.367091446062695,-3.1548935039472337,0.8169150039335945,0.5509735200083739,1.069395642950322
30,-2.3111421293401,0.4273362932589001,-2.3190222587313265,-2.4511191886209924,-2.1866732264747455,0.4895109120344647,0.26756526689174814,0.7329445512976955
31,-4.1172516245019075,-0.009050124274516458,-4.079151916686059,-4.260588955994259,-3.8813336583103917,-0.16341953245531132,-0.40898859979469415,0.059085573359421655
32,-2.053714604900922,-0.2772081873656261,-2.07119391232591,-2.341045179405916,-1.8126671148560032,-0.21178043408944075,-0.46152781903873386,0.032389647891197214
33,-2.5632056050286236,0.21320233782623343,-2.596828589381295,-2.787507626163576,-2.3616695943479677,0.21330156367100797,0.006925750373004385,0.46873561879936104
34,-2.9291357032977268,0.18143065503227518,-2.877756595028903,-3.0158996192698906,-2.727988913710448,0.19378410509643396,0.013720176399616348,0.37251641639128574
35,-4.778429324631984,-0.49909912953750335,-4.808682687004066,-5.351414804868519,-4.433998407970138,-0.525342075133841,-0.838462188464726,-0.2294342930064564
36,-4.111324644455342,-0.49401563472675936,-4.335826397597915,-4.636337002753411,-4.054359624557505,-0.37344459401179947,-0.6352569116001414,-0.09930289944954007
37,-2.433496546001228,0.9780989068327098,-2.4130196388179903,-2.5102168832269616,-2.315507336868418,0.9009015438123867,0.7018671987330145,1.1085398934363682
38,-4.216292183326937,-0.11267056787827556,-4.332493018982897,-4.624476735144614,-4.054033620606537,-0.37780413797416246,-0.6424194089729808,-0.11017926027942539
39,-3.007322383881806,0.552903974687342,-3.0271146909164646,-3.141641167275551,-2.9202914527265613,0.5432234440989596,0.3440512839994882,0.7387067058708089
40,-4.667813606074189,0.37422259077351583,-4.745588115727728,-4.934361102144662,-4.5785262826402295,0.529135667058472,0.23099630250309505,0.8361356993563649
41,-4.371803447158046,-0.4216897473692803,-4.335268023798632,-4.63982677611221,-4.054110637934355,-0.376069388788054,-0.6439268932346639,-0.11063657643978711
42,-2.79807614045124,0.8844046698046079,-2.7426803363863472,-2.8384597110439596,-2.663033715898801,0.9005670898879291,0.6710373911746454,1.122770981149363
43,-3.126409326597196,0.22813945360260712,-3.2085411808270603,-3.3445907504573316,-3.0729540880981108,0.2588063853327758,0.07674995254372449,0.44654682213732366
44,-2.679486651136478,0.07847251163114988,-2.8396094930030698,-2.9903068374706567,-2.703453847078381,0.18782255151050953,0.011041899396257644,0.36245845806447574
45,-3.5788284006935798,1.078362794331388,-3.6123094895164867,-3.6935532919408565,-3.526861158923545,1.003837842821348,0.8275296773108071,1.2109654516402182
46,-4.1621224133171175,-0.10603562566562674,-4.1114643748778725,-4.269478260267107,-3.9547306083201406,-0.001951259212747086,-0.21399135389908677,0.18113254773565587
47,-4.787342236560075,0.11681003749755836,-4.828973316312585,-5.083034339625704,-4.591517773422358,0.23549740246491868,-0.08270925970211931,0.5550828815590589
48,-2.818782964488803,-0.17283670013464447,-2.7647682580941053,-2.9255652008426787,-2.5882497392230324,-0.13009853922827766,-0.34270423017086316,0.08279868980576917
49,-2.4431579984087084,0.1099545771717153,-2.485018808660958,-2.6515604278236617,-2.330437246672426,0.17226032731914082,-0.03343977913802989,0.3782097237844797
50,-2.042812754462868,0.9266189003981326,-2.012229926528173,-2.1222592821300394,-1.906329547459868,0.8862810474364969,0.5715022220076613,1.2035872029055128
51,-4.719004460221918,0.7318017264279043,-4.749803672523196,-4.924775956011017,-4.589940174286209,0.7928786310461223,0.40070086941947064,1.227456603027556
52,-4.860210774607612,-0.03230039216473746,-4.830338282516387,-5.146168484452981,-4.569038646366497,-0.03368026944703304,-0.3004679652602559,0.23934248259032093
53,-4.862896973880271,0.5891560998404491,-4.997442715481449,-5.420131734996227,-4.7242216623703515,0.4182400218090544,-0.03262298722898458,0.9358370557500456
54,-3.917583541399809,-0.2947115487543998,-3.878328117515696,-4.0585200970590165,-3.6749549695910746,-0.24542758037175735,-0.45595912286536633,0.01422542489662922
55,-2.0433227459972394,-0.49114470341775407,-2.0066134905174957,-2.325581039678979,-1.6772038693722013,-0.40317338971863464,-0.6768552724947074,-0.14021072487715985
56,-3.345536760389173,0.4274587066050294,-3.270148399998583,-3.3718340918060026,-3.1649203498348464,0.6425265397047336,0.44625295459030656,0.8860425312251556
57,-3.3393169583857087,0.5344521188278474,-3.311229902036222,-3.4185216563990837,-3.2011981707184645,0.38114821238107377,0.20100139465851719,0.5415426996482245
58,-4.698275274326167,-0.632849275161135,-4.332866280023054,-4.623784979697727,-4.05244660018786,-0.37487172199820484,-0.6406528982411739,-0.10750764634289818
59,-2.23724760683971,-0.3829571650747735,-2.2932685256816705,-2.5703091645246774,-1.9777731668760477,-0.41552609298257137,-0.6718605296721943,-0.16817326244174302
60,-4.597312459021161,-0.5365883624751586,-4.73239682016512,-5.177810261134544,-4.3441925178630605,-0.6129230760931691,-0.9112159494788754,-0.3260705187290123
61,-1.6870493618100468,-0.29875717955048536,-1.7720419731533252,-2.069359692822781,-1.3852350524573291,-0.227210082657988,-0.4746314630909722,0.03184727526046778
62,-4.36501679826095,0.4174659606247685,-4.4623187773217285,-4.636818475843384,-4.300033830203002,0.22713380673871253,-0.019441345137773697,0.43326967129001626
63,-4.38265165319011,-0.4892022822160732,-4.3368248240268406,-4.643725214679469,-4.057325370054575,-0.3786121599865353,-0.6501868551932718,-0.10936127057878729
64,-2.879316482239329,-0.08190778918894837,-3.0127116547742,-3.1495521469366263,-2.8632549566379515,0.0017263323546863763,-0.17610296069057668,0.1942337836926553
65,-2.662889296909302,0.7714411571131491,-2.636417581683075,-2.725439926547272,-2.5406588207977046,0.8850943569022447,0.6698562806533195,1.1175708962937534
66,-2.425308449992314,0.5115007147352918,-2.316306445723055,-2.45163840718618,-2.1917540045347916,0.48766580951963706,0.25918214984560867,0.7270392294967294
67,-2.288639519139437,0.3510576668160764,-2.3184854298937796,-2.4513580766084044,-2.1906675585194324,0.48934480945784786,0.2512264857913357,0.7117340525452125
68,-3.224954586930958,0.284102864586785,-3.2086856238801826,-3.3346716924555855,-3.0678326807217453,0.2598348106912112,0.08384039281610903,0.44701443971321597
69,-4.057112831982791,-0.36871575813381835,-4.118075845976831,-4.479982670110383,-3.857018908745607,-0.30091655059593725,-0.5694306042485077,-0.028256589908903416
70,-2.508494145534498,-0.10466160047537032,-2.4956237522781155,-2.7094030684627812,-2.2834339500447145,-0.11331547176996269,-0.3523765336059321,0.09216917381978687
71,-1.8958313828946944,0.3935390002389795,-1.6917078114410482,-1.9875939373373563,-1.3442372861813814,0.2962836525248817,-0.16704680260438368,0.7482312729406098
72,-3.700947099738107,-0.22070742595314857,-3.80530595499465,-3.982381736075326,-3.6442597253144244,-0.15102121755442283,-0.36210969317713854,0.04715806756597704
73,-2.391701088008553,0.5673417699712461,-2.31831050281971,-2.4545134346098005,-2.1953521338448767,0.4875881036592172,0.25787577570629067,0.7102783263161623
74,-4.54650066421519,0.3658997994283951,-4.567770347350195,-4.718698475448833,-4.405163946992585,0.5015744658890845,0.19808760633075514,0.7736357258509221
75,-3.4506248314900096,-0.0349984645064777,-3.354463432076763,-3.508100450235869,-3.2156757426072953,0.010480065086064767,-0.17896879677686503,0.1785736065116314
76,-2.9153889885035467,-0.45996191899807015,-2.975561464812786,-3.227731358557718,-2.716548194082316,-0.4784651314836259,-0.7384821222763287,-0.2282784138389368
77,-3.096146992322509,-0.2661505015901139,-3.1521798741857,-3.3491881225396885,-2.9755300169333463,-0.26792293565846637,-0.48496655540074374,-0.060020253500246326
78,-1.9113695445021066,-0.16131851202521463,-2.1255717979655686,-2.348109356526951,-1.902433766051502,-0.022615472957060883,-0.24264744269502303,0.1969083167242133
79,-2.892611372709105,0.02620794157331585,-2.707910657931762,-2.8879089315056583,-2.536514545381763,0.027862166100871572,-0.19864552796445795,0.22123457768604726
80,-2.6967570479725875,-0.432957777090517,-2.59563363447654,-2.8487646362997254,-2.322905552679045,-0.4049950351499802,-0.6489425433113893,-0.13644912006963034
81,-4.834951873959541,-0.05098681164523855,-4.83316026852198,-5.134404280978619,-4.562993649977624,-0.036849416702249824,-0.32733633195883594,0.2098209074589467
82,-4.033668314903637,0.42136256576696274,-3.944850756874775,-4.05316541278204,-3.8379888596742817,0.474236422101181,0.2783348925119157,0.6592234679531986
83,-2.7914156738179545,-0.18894188707905546,-2.7608466577161184,-2.9216444782937034,-2.5855932738060496,-0.13186215332737164,-0.3428077857377086,0.08047278688283081
84,-2.656472652775853,0.14704058920648844,-2.701405965435316,-2.828974502094112,-2.5677143542997847,0.235466000204893,0.06253576727835683,0.41217854810720034
85,-3.426671875467504,0.25746720424185743,-3.3954716381177437,-3.520985000912971,-3.275330642775617,0.15109254048761095,-0.008131017796686025,0.31672793892129597
86,-4.615141769337652,0.1595747725812633,-4.523561028750446,-4.702775614255367,-4.3309418098975865,0.19698953084500465,-0.05050824737876746,0.4617209656601148
87,-2.7465943026393624,-0.2051661872819726,-2.7626155507831207,-2.9282642094363385,-2.5832499330087066,-0.13671755347198186,-0.35126508246580695,0.06210578542521619
88,-2.2916223223529015,0.3632026130298841,-2.3180525057801433,-2.449498565841218,-2.1888294205292596,0.48918031268269047,0.26482740245261854,0.7247243259869385
89,-3.7824324862990517,-0.20016234458252802,-3.808300313154793,-3.9882840305709633,-3.640265343956445,-0.15169978677622828,-0.3709425732371137,0.04666515166873869
90,-1.886468921506217,0.6337736776994577,-1.8107288090846692,-1.9773792795542642,-1.622315989832782,0.6446760888668376,0.26980800724926884,1.0230101400197245
91,-3.9134343013844393,-0.16318147949560813,-3.8815420544505175,-4.0610590672386495,-3.684707073644674,-0.2481616466044848,-0.47130494637605347,-0.004183269158456076
92,-4.083893210999252,0.14122397299191025,-4.096901886966038,-4.251805973971323,-3.9655972796022105,0.12402011047461994,-0.05830499171133664,0.3220931589762517
93,-3.0540318034583587,0.4384548901073865,-3.0704815212713545,-3.181401363990839,-2.9573739557391496,0.4085869116386647,0.24641937965574853,0.5924467828538488
94,-2.5109945832563816,0.8853547315805318,-2.325109397481805,-2.419859860315422,-2.236194928459536,1.0384754175614839,0.8035493658532484,1.2770645624241004
95,-1.6198034459907626,-0.25276687658995467,-1.6031303128108274,-2.0398226009612324,-1.120247341561293,-0.4551163815563777,-0.7530849729095973,-0.16104471917671812
96,-2.0119736170835942,-0.6690506590594717,-2.2391167530298217,-2.614588594976807,-1.8464133939814558,-0.6467513282088628,-0.9563730575919837,-0.3635531246051016
97,-4.353100811777801,-0.6217739963832123,-4.403204629709926,-4.766530575607254,-4.024388885736523,-0.6270192436769776,-0.9414848878268971,-0.357642833114408
98,-4.053167254228933,-0.34524950524710885,-4.336560771902927,-4.647253198104781,-4.051435324223679,-0.3765893507935861,-0.6679567294514278,-0.1081423201136381
99,-2.864592736761427,0.39686706997926635,-3.027054503507814,-3.1358918218446754,-2.918098119781371,0.5452036642298544,0.35376182668795536,0.7334496063640411
100,-3.0331609208543533,0.8528207986355602,-2.948706302263302,-3.035167366151879,-2.862332241960727,0.9736408234758217,0.754666454432727,1.1842139297449223
101,-3.580325922211793,-0.5270469831597402,-3.5380730845561925,-3.83134482321222,-3.30357007137513,-0.6065740795307895,-0.9053332930786,-0.28371857315086796
102,-1.790521624576325,-0.2511976030914162,-2.1276834764386168,-2.340520698689616,-1.907325119557695,-0.020186279404873334,-0.2428753128057283,0.19727846082321013
103,-4.985064245998152,-0.27100356738692144,-4.848012182792888,-5.205598633304524,-4.548074880569145,-0.18911495749565227,-0.456042355146805,0.07983877451965564
104,-1.8855949403805585,-0.22849927552936172,-2.0741602554887,-2.320562585889777,-1.8316195760793978,-0.21136358443910497,-0.4398285481735035,0.023833800796059002
105,-1.5781781136769628,0.4357061470974565,-1.4579019195934926,-1.8122394911437758,-1.0251623207564728,0.3599033000019712,-0.11596597249261821,0.8174910132081122
106,-4.475324987688566,0.8704789929748332,-4.531295292963564,-4.63874496341171,-4.424333993415227,0.8059121235420661,0.5452107118612496,1.0720461950644913
107,-1.9830955337584788,0.7338397803244695,-2.0126811165770886,-2.119829550216627,-1.8995646513688786,0.8918739007775607,0.5735592578354783,1.2203816370452238
108,-2.154727684288965,-0.33064361115955904,-2.2126193586248393,-2.458977322072853,-1.930370365019965,-0.33112057196829775,-0.5822878844236618,-0.09601894714153437
109,-3.93438489292411,-0.517427648045602,-3.9385255453109043,-4.227483180186886,-3.6752924968788405,-0.7082535037551176,-0.9951746039344906,-0.42665138176030903
110,-3.020306312187604,0.5686935224987494,-2.9380251574920395,-3.061420172095872,-2.832009324071313,0.6584333732765979,0.45688320113969433,0.8465167809556721
111,-2.212808705950886,0.5243514742555181,-2.2225552559237696,-2.378729159102249,-2.0967785887042423,0.6078470349652648,0.3495331709857998,0.8764799470045067
112,-3.5222656019001803,0.9420040793997796,-3.474162397600296,-3.5659403322990437,-3.381033433630296,0.7800117710776555,0.5968110821178017,0.9587104858764848
113,-3.6373315242849973,0.9275930487598819,-3.6139411508527766,-3.7020317170549744,-3.5326540868657643,1.0465543138409283,0.8576171498199286,1.2423270247845144
114,-4.904183743078968,0.5962623230696343,-4.997864755288297,-5.287912170761103,-4.746744360271522,0.5834879323068738,0.14561491649578184,1.0019580725332558
115,-3.21482280301846,0.6881457721938437,-3.1500916516573616,-3.232121420716243,-3.0574264547649115,0.8270560146918742,0.6289596541561888,1.0345359495248116
116,-1.6759017603710662,0.27538065962440084,-1.398963071564445,-1.7870314426614402,-0.8640200507189016,0.08407784344620105,-0.4310910394632444,0.5512592144747838
117,-1.5979546858723142,-0.08250465452693412,-1.764388985299603,-2.0540811307208444,-1.423313458197751,-0.11433706510573209,-0.39437950502297564,0.12055636506602561
118,-3.5492493908148326,-0.6461836565979518,-3.8112635876253935,-4.180635383899639,-3.4048508982161407,-0.93713890188293,-1.5228659958780522,-0.5139077410329418
119,-1.9656985223061674,0.7274740350910526,-2.0117612833721252,-2.125522711882184,-1.905731012058354,0.8883859744397846,0.5556384752196817,1.217399260738391
120,-4.990667909650928,0.19135901086417018,-5.290684051090205,-5.788442670221531,-4.855613736544716,-0.04307483517654781,-0.40064369936159405,0.3279399464340046
121,-2.6016225874344587,-0.4504939418505649,-2.767862908156579,-2.9474578562331635,-2.5853714305130784,-0.31599492857405287,-0.5223962396025398,-0.1101041441956539
122,-3.462458251559582,-0.3955240620297972,-3.532294038116518,-3.722928405965281,-3.3166491518122885,-0.27475041785728943,-0.5403718645773035,-0.0577698939322776
123,-2.9678662010664896,0.5749233291457653,-2.9405530685126395,-3.0717547767108506,-2.8246606739304214,0.6594449862283309,0.4542443446304371,0.8563742323083279
124,-4.306921831680991,-0.48877228316382304,-4.3330986719290285,-4.6356915872152324,-4.057150833265222,-0.37567875779071924,-0.6443633360944316,-0.11845492171583162
125,-2.807064025999589,1.0046428698454584,-2.784857485122361,-2.8581296484788155,-2.702439412096062,1.1256182054999404,0.8981131244045495,1.3660688142474786
126,-4.702176948471015,0.512703404471249,-4.7636095020586104,-4.972621574756758,-4.572766287312765,0.373215592918876,0.07841200116619859,0.6515945706998681
127,-4.414337159690482,0.4510611178639524,-4.545405819502448,-4.6684694103039,-4.406958924137724,0.5857184300980468,0.3270944947616235,0.8534562250675384
128,-4.64698518153184,0.08031926758908059,-4.839287579137423,-5.15247465098905,-4.565871447434378,-0.04208402485246032,-0.3241532866594126,0.2217788333309841
129,-3.4631224287191893,0.21525607364515664,-3.4859095411057486,-3.616717243240592,-3.371520577106778,0.2728890607897596,0.11640370086488319,0.4444209805175923
130,-3.8552035421354094,-0.4449948872608786,-3.741032736317097,-3.955869881260213,-3.549417977967407,-0.25879053043979955,-0.4996897110485541,-0.054111634621221955
131,-3.6883052476649505,-0.23093897776695615,-3.740293863416491,-3.954082127070561,-3.5610506338233257,-0.25606291070270415,-0.47874663483666535,-0.05567762154702534
132,-4.3282207792641945,0.4200850132352564,-4.466005411561996,-4.640587387116778,-4.297834908468247,0.2247457133950653,-0.026011700964704117,0.45464679937591324
133,-3.398163290008699,-0.6318857196037198,-3.3580629505579562,-3.5930629270648287,-3.0556067570747745,-0.628815499838447,-1.0250134089826406,-0.34177557090531546
134,-3.0854298798863313,0.2693312425643246,-3.100794083434091,-3.2849329018072746,-2.954656957832967,0.17625652587779436,-0.06103450635686309,0.3888104191801361
135,-3.4275073044103346,0.020323537530074764,-3.4762381830842277,-3.625526523490086,-3.335963181990842,-0.0019689604042907854,-0.17351544869821559,0.18581006878065368
136,-3.792136904176614,-0.250497399957538,-3.801419457417358,-4.01307100435934,-3.560014865939761,-0.337816278815162,-0.5825750332051218,-0.09644177613149474
137,-3.100998791779041,-0.13995015254954457,-3.047017132141933,-3.2118617972708807,-2.8770716861509884,-0.14242231541735154,-0.3273120060392563,0.04553933818301621
138,-3.359324481102413,0.7023959237235996,-3.40358439847676,-3.5053460967301446,-3.3109296797679724,0.6300320348712765,0.47037610317870376,0.7875570297477608
139,-1.6522898216788153,-0.3678767207900914,-1.610676161597673,-2.03796181662175,-1.1195068380494444,-0.4509913729455494,-0.7573822784203661,-0.1644285272297347
140,-2.7188403037183866,0.5459230717583393,-2.604056602965611,-2.724474187720393,-2.4882051634434723,0.5042382016672932,0.3278941260651456,0.6837236503854235
141,-4.0410828453110925,0.7689907095086027,-4.120975089855368,-4.212715917690045,-4.025368808815348,0.781323406036815,0.5644042878133343,1.0132031336025094
142,-3.618935210253927,-0.03681082201660202,-3.681921605839134,-3.8127704688468467,-3.545823985031808,0.02561814410402566,-0.15290717068624696,0.22097336969166814
143,-4.930070770718852,1.0608299156667553,-5.2366631813698925,-5.817033658197536,-4.728553757576592,0.7725432101420666,-0.005094090070202225,1.5670588523337223
144,-1.887809989350857,-0.5416464086087813,-2.2138206960620717,-2.4594276925377265,-1.938298369215539,-0.3271346618824745,-0.5729933187745658,-0.08003659687503047
145,-2.968730936205143,-0.29049923502729497,-2.881137460648538,-3.0762688386447548,-2.6727079346354228,-0.3266090701709825,-0.5720576067963856,-0.12554849316249375
146,-2.901844980320913,0.20580931113488998,-2.898945961069216,-3.0420285329632097,-2.7509338782490684,0.057994089956263026,-0.14170546270014941,0.24842180405896025
147,-3.0515386033711973,-0.5229661418946175,-2.9733590765946185,-3.243537711123041,-2.734295239693363,-0.4820316391322791,-0.7331983092567401,-0.22029624208362944
148,-2.9964421930928813,-0.020461876444729743,-3.011966438177588,-3.1483452566012136,-2.8629174758896547,0.0024690604432641102,-0.178907630724188,0.19044049294692883
149,-4.90747394212516,0.7191308786430896,-5.091952105418544,-5.478770917420163,-4.759106294155016,0.44515356938685763,-0.023770760074938113,0.9312303634664242
150,-3.133781791376773,0.49785573835462305,-3.1269983093503293,-3.2250296172616406,-3.0148007634505927,0.4988083110520922,0.3385396815523085,0.6528759573295174
151,-4.622024360207582,0.9631268730418473,-4.564503958405287,-4.645443649913489,-4.477486461701284,1.1363035681591382,0.8337413228020498,1.447230023218949
152,-1.8953706146059268,0.8914531607877029,-1.8130930139414223,-1.9745219715171538,-1.6329696722594653,0.6409306717250584,0.27099642694442017,0.9992469044748159
153,-1.6404433656144506,0.9528669048185202,-1.6884149876298933,-1.9105210267385613,-1.4309968847072152,1.0692652658726836,0.2946292476522697,1.97239517867821
154,-2.390729797398215,0.6204458981297581,-2.4464909454424806,-2.548388329444235,-2.345305396987218,0.7174967253143552,0.49194216181125183,0.9436281206108927
155,-1.523879045778148,-0.6884915215737019,-1.4480863263765995,-2.0129659759890393,-0.836688540815268,-0.6841960860924909,-1.012690770707096,-0.37523766740306314
156,-4.029902421190347,0.7833266797812365,-4.073074033209333,-4.1767156422044325,-3.983748489289581,0.6490952510722425,0.4581423181636137,0.8379955590949301
157,-2.71013488129059,0.37648928545936167,-2.747126999661723,-2.8580577240371388,-2.6324867577721127,0.3950661714053746,0.20124916859039993,0.5646477372039329
158,-1.6175815039816706,-0.6868266690263307,-1.4428858017963362,-2.0225757123660646,-0.8388498535763751,-0.6881305581268898,-0.9878187263927607,-0.34043016637331514
159,-1.7930997869109833,-0.4611157355293467,-1.5939732757578733,-2.027247205402724,-1.088992480989979,-0.46316073244598865,-0.7759362534256521,-0.16275760459074112
160,-2.933033895962833,0.5146072382393906,-2.858692941591509,-3.024325301273485,-2.6404175378750656,0.41598685266051927,0.15177975862828438,0.6407454494584368
161,-3.8539968645146923,0.43385339348708374,-3.858270274366736,-3.9848450972218266,-3.732047273750371,0.3530874242996231,0.16953574412758018,0.5532520403093861
162,-3.2638807527026823,-0.49244201878311644,-2.97554142604064,-3.229244402881911,-2.7179659389050133,-0.48132431817653903,-0.7336959782155524,-0.2259084144749026
163,-2.6525396200359777,-0.38448057102311683,-2.7680887090982407,-2.9542233957727566,-2.5933983572461505,-0.31639915701839105,-0.5331967677018963,-0.1261456907652375
164,-2.0024216082788717,0.8078204074001291,-2.011805407962635,-2.1227499998309853,-1.8979272884159621,0.8825360782336068,0.5582033353822308,1.204909671395824
165,-3.825560121130066,-0.20203702196757772,-3.8068936301130525,-4.018961948839163,-3.5609507274662207,-0.33713495020323386,-0.6015053483395505,-0.09739344179837332
166,-1.6079202242899333,0.8312267100623548,-1.6941593600968365,-1.9018108716330697,-1.4435076173360348,1.0804009663878724,0.3902167695601333,1.98406092490215
167,-4.7838145572322475,-0.1890472064626596,-4.834701490329957,-5.2001778187821515,-4.539974185614013,-0.17785371224622837,-0.4497516945710135,0.08514263620037446
168,-3.472563086538723,-0.43863403105486876,-3.542756695172108,-3.835962737990924,-3.312953601203594,-0.5996684901977213,-0.8907049419123642,-0.3291541048960653
169,-4.493307637165965,-0.24412909026179436,-4.411222907767302,-4.62214294055316,-4.202549458643822,-0.13306767497535457,-0.353779410011859,0.0895270665741744
170,-3.6802567650786795,0.8609289311962994,-3.687921890604963,-3.777476124997913,-3.5824742499123774,0.8887163799852859,0.7127652689068992,1.0685230710754088
171,-3.9048730398385523,-0.14428754501775976,-3.9231117520933276,-4.094817018725948,-3.763526859380198,-0.09542625757712549,-0.3256907318153289,0.11720915581775114
172,-4.633605521617669,0.8262659377353981,-5.096848519884427,-5.516540489069506,-4.758880691806964,0.4405377570979758,-0.036059312025324405,0.9326384976053712
173,-4.533394466295724,0.04316264656379443,-4.5080975326798844,-4.697380638197205,-4.306383197563995,0.02847185691203901,-0.21256657484994948,0.28168284335586913
174,-4.917974983557544,0.46388230751449433,-4.997006034984081,-5.336713418162334,-4.765312785887377,0.3776956264063668,0.06011736976022161,0.7179479019700937
175,-3.3492392228635754,0.8894070943588476,-3.3163322219123392,-3.393951225655263,-3.230235065642054,0.9597228558606312,0.741075781293245,1.1758086746207594
176,-4.495555278013363,0.1629325886944244,-4.4835148799762425,-4.643861736721601,-4.3348800825989455,0.3927061585595991,0.15894635121203693,0.674230323321994
177,-3.800053079836043,0.06673363941991439,-3.7566985605602587,-3.920451229866417,-3.5965132545688543,0.13697189840159632,-0.0840446966992295,0.37545231837279947
178,-2.6383954408247776,0.6963203150871579,-2.5514366793082153,-2.6604012092899025,-2.4457879648174976,0.6492808767189219,0.4375931705963276,0.8527938693533517
179,-2.6036851787182522,0.16851064657760895,-2.6320444678745645,-2.7511130138347673,-2.499824988002976,0.3558810804525204,0.17147763129040944,0.553042652503147
180,-1.5768404763682042,0.31666868498556033,-1.4712855408874912,-1.8019401449153498,-1.0935212052922378,0.3709426344350944,-0.0601517170377539,0.8477675054003108
181,-4.218653155141289,0.03221021108866928,-4.412198237855184,-4.625940680546625,-4.1957545058448975,-0.13352961385195197,-0.3665949150831261,0.09039581947687489
182,-2.6251053512330387,-0.06605805791543307,-2.5914575439999488,-2.7774194421306695,-2.3913416626439927,-0.1914604659571835,-0.41243162799894423,0.02956074180954173
183,-4.720224063382819,-0.5092681615011724,-5.077169770925524,-5.730323975070268,-4.565816573781763,-0.726746176574723,-1.0832231219798605,-0.3896885881355482
184,-3.466123115206826,0.36588327558631784,-3.615365584167831,-3.729328954332972,-3.4900640871052824,0.26761907984422295,0.09323816081827803,0.42033770266971987
185,-2.6703169764441794,0.24557782805449602,-2.631826198138819,-2.774065839886463,-2.442447198139804,0.21922017612006386,-0.030425157822244656,0.49773318452703236
186,-4.263474362494066,-0.36738573994342805,-4.3346925243823025,-4.630078833143938,-4.057794930637058,-0.374674439890906,-0.6321674632916973,-0.10189405822276167
187,-4.546692613326171,0.9576551231332825,-4.5400622776437,-4.6561350268662665,-4.424277706296325,0.7682167352465935,0.5101496405919614,1.058767476951267
188,-3.260500739795905,-0.5765106781180216,-3.407843903446231,-3.711756685765017,-3.1127370077219076,-0.7102244346889448,-1.0355701554225194,-0.4037240557224094
189,-3.327725737962986,-0.591280797845556,-3.108345306874845,-3.3833879578571424,-2.795277696496586,-0.4851208624635983,-0.7304774881581821,-0.24125645326234088
190,-2.252328028022653,0.3882738487598755,-2.319078662771579,-2.4523008018134567,-2.1897684826383292,0.4866969740213353,0.24850542199931977,0.708568775429608
191,-4.24742674850359,0.416037601203583,-4.185949615107411,-4.312517993764709,-4.0601928715695275,0.4263980193365292,0.23879863554839684,0.6241070124042697
192,-3.671982501299956,0.6865022511596818,-3.687562519932908,-3.796793973637988,-3.584255092590881,0.5955008475243271,0.39388338376976545,0.7867119077313518
193,-3.9894981298161842,0.6720114010343813,-3.9698237878777216,-4.063122530560989,-3.8618885277439676,0.6273392553240702,0.45376780738589934,0.8011461925768227
194,-2.8373639545451352,0.8526543132932555,-2.8041472090961403,-2.908077237487502,-2.7027503283157364,0.7176644888395952,0.5355496500919377,0.9114281573349696
195,-3.2195331181050824,0.5545904136059502,-3.210623840165813,-3.3105710507142407,-3.117070313034377,0.6090497517712216,0.4485033887199166,0.8150302816046592
196,-3.579591957385192,0.8935204393367618,-3.58287264440504,-3.666707881397831,-3.4973734551114726,0.9093910713089753,0.7354467986321135,1.0915178310729847
197,-3.6127532506557714,0.22047176656313427,-3.5687331575541896,-3.7051297166174235,-3.4253262159298874,0.12408600176883579,-0.0677207616648871,0.311192836117636
198,-2.368093993612261,0.9444286156376521,-2.324966487314875,-2.4221104449098165,-2.23274898420881,1.0400302833551909,0.8026490043629372,1.272700256388321
199,-3.8669109591366553,0.3725728697045211,-3.8577736192929875,-3.9803712022083797,-3.731872620702879,0.3544429778557104,0.15773523491822147,0.5432767979799584
